<?xml version="1.0"?>
<EmployeeDetails>
	<Employee>
		<EmployeeCode>1111</EmployeeCode>
		<EmployeeName>
			<FirstName>Seema</FirstName>
			<LastName>Dalvi</LastName>
		</EmployeeName>
		<DOJ>1997-09-08</DOJ>
		<TotalExperience>12</TotalExperience>
		<Department>
			<Unit>3rd</Unit>
			<loc>Mumabi</loc>
		</Department>
		<Designation>
			<desig1> </desig1>
			<desig2> </desig2>
			<desig3> </desig3>
			<desig4>*</desig4>
			<desig5></desig5>
		</Designation>
		<Sal>21000</Sal>
		<Grade>
			<a> </a>
			<b>*</b>
			<c> </c>
			<d> </d>
		</Grade>
	</Employee>
	<Employee>
		<EmployeeCode>222</EmployeeCode>
		<EmployeeName>
			<FirstName>Bharati</FirstName>
			<LastName>Mantri</LastName>
		</EmployeeName>
		<DOJ>1999-12-01</DOJ>
		<TotalExperience>5</TotalExperience>
		<Department>
			<Unit>4a</Unit>
			<loc>Pune</loc>
		</Department>
		<Designation>
			<desig1> </desig1>
			<desig2>*</desig2>
			<desig3> </desig3>
			<desig4></desig4>
			<desig5> </desig5>
		</Designation>
		<Sal>12000</Sal>
		<Grade>
			<a>*</a>
			<b> </b>
			<c> </c>
			<d> </d>
		</Grade>
	</Employee>
</EmployeeDetails>