<?xml version="1.0"?>
<Employee_details>
	<Employee>
		<EMPNO>7369</EMPNO>
		<ENAME>SMITH</ENAME>
		<JOB>CLERK</JOB>
		<MGR>7902</MGR>
		<HIREDATE>1980-12-17</HIREDATE>
		<SAL>1100</SAL>
		<COMM>200</COMM>
		<DEPTNO>20</DEPTNO>
	</Employee>
	
	<Employee>
		<EMPNO>7499</EMPNO>
		<ENAME>ALLEN</ENAME>
		<JOB>SALESMAN</JOB>
		<MGR>7698</MGR>
		<HIREDATE>1981-02-20</HIREDATE>
		<SAL>1600</SAL>
		<COMM>24820</COMM>
		<DEPTNO>30</DEPTNO>
	</Employee>
	
	<Employee>
		<EMPNO>7521</EMPNO>
		<ENAME>WARD</ENAME>
		<JOB>SALESMAN</JOB>
		<MGR>7698</MGR>
		<HIREDATE>1981-02-22</HIREDATE>
		<SAL>1375</SAL>
		<COMM>19700</COMM>
		<DEPTNO>30</DEPTNO>
	</Employee>
	
	<Employee>
		<EMPNO>7566</EMPNO>
		<ENAME>JONES</ENAME>
		<JOB>MANAGER</JOB>
		<MGR>7839</MGR>
		<HIREDATE>1981-04-02</HIREDATE>
		<SAL>3175</SAL>
		<COMM></COMM>
		<DEPTNO>20</DEPTNO>
	</Employee>
	
	<Employee>
		<EMPNO>7654</EMPNO>
		<ENAME>MARTIN</ENAME>
		<JOB>SALESMAN</JOB>
		<MGR>7698</MGR>
		<HIREDATE>1981-09-28</HIREDATE>
		<SAL>1375</SAL>
		<COMM>20600</COMM>
		<DEPTNO></DEPTNO>
	</Employee>
	
	<Employee>
		<EMPNO>7698</EMPNO>
		<ENAME>BLAKE</ENAME>
		<JOB>MANAGER</JOB>
		<MGR>7839</MGR>
		<HIREDATE>1981-05-01</HIREDATE>
		<SAL></SAL>
		<COMM></COMM>
		<DEPTNO>30</DEPTNO>
	</Employee>
	<Employee>
		<EMPNO>7782</EMPNO>
		<ENAME>CLARK</ENAME>
		<JOB>MANAGER</JOB>
		<MGR>7839</MGR>
		<HIREDATE>1981-06-09</HIREDATE>
		<SAL>2450</SAL>
		<COMM></COMM>
		<DEPTNO>10</DEPTNO>
	</Employee>
	
	<Employee>
		<EMPNO>7788</EMPNO>
		<ENAME>SCOTT</ENAME>
		<JOB>ANALYST</JOB>
		<MGR>7566</MGR>
		<HIREDATE>1987-04-19</HIREDATE>
		<SAL>2000</SAL>
		<COMM></COMM>
		<DEPTNO>20</DEPTNO>
	</Employee>
	
	<Employee>
		<EMPNO>7839</EMPNO>
		<ENAME>KING</ENAME>
		<JOB>PRESIDENT</JOB>
		<MGR></MGR>
		<HIREDATE>1981-11-17</HIREDATE>
		<SAL>5000</SAL>
		<COMM></COMM>
		<DEPTNO>10</DEPTNO>
	</Employee>
	
	<Employee>
		<EMPNO>7788</EMPNO>
		<ENAME>SCOTT</ENAME>
		<JOB>ANALYST</JOB>
		<MGR>7566</MGR>
		<HIREDATE>1987-04-19</HIREDATE>
		<SAL>2000</SAL>
		<COMM></COMM>
		<DEPTNO>20</DEPTNO>
	</Employee>
	
	<Employee>
		<EMPNO>7839</EMPNO>
		<ENAME>KING</ENAME>
		<JOB>PRESIDENT</JOB>
		<MGR></MGR>
		<HIREDATE>1981-11-17</HIREDATE>
		<SAL>5000</SAL>
		<COMM></COMM>
		<DEPTNO>10</DEPTNO>
	</Employee>
	
	<Employee>
		<EMPNO>7844</EMPNO>
		<ENAME>TURNER</ENAME>
		<JOB>SALESMAN</JOB>
		<MGR>7698</MGR>
		<HIREDATE>1981-09-08</HIREDATE>
		<SAL>1650</SAL>
		<COMM>23000</COMM>
		<DEPTNO>30</DEPTNO>
	</Employee>
</Employee_details>