<?xml version="1.0"?>
<Courses xmlns:xsi="http://www.w3.org/2001/XMLSchema-instance" xsi:schemaLocation="section4XML.xsd">
	<course>
		<courseId>1</courseId>
		<Course_name>Servlet</Course_name>
		<Location>Pune</Location>
		<LabNo>F101</LabNo>
		<facultyId>101</facultyId>
		<startDate>2016-04-12</startDate>
		<endDate>2016-04-14</endDate>
	</course>
	
	<course>
		<courseId>2</courseId>
		<Course_name>JSP 2.2</Course_name>
		<Location>Pune</Location>
		<LabNo>F102</LabNo>
		<facultyId>103</facultyId>
		<startDate>2016-10-05</startDate>
		<endDate>2016-10-08</endDate>
	</course>
	
	<course>
		<courseId>3</courseId>
		<Course_name>Windows Programming</Course_name>
		<Location>Mumbai</Location>
		<LabNo>G101</LabNo>
		<facultyId>104</facultyId>
		<startDate>2016-05-02</startDate>
		<endDate>2016-05-08</endDate>
	</course>
	
	<course>
		<courseId>4</courseId>
		<Course_name>OOP and UML</Course_name>
		<Location>Mumbai</Location>
		<LabNo>G101</LabNo>
		<facultyId>104</facultyId>
		<startDate>2016-01-03</startDate>
		<endDate>2016-01-04</endDate>
	</course>
	
	<course>
		<courseId>5</courseId>
		<Course_name>HTML 5</Course_name>
		<Location>Bangalore</Location>
		<LabNo>G101</LabNo>
		<facultyId>104</facultyId>
		<startDate>2016-11-09</startDate>
		<endDate>2016-11-12</endDate>
	</course>
	
	<course>
		<courseId>6</courseId>
		<Course_name>Windows Presentation</Course_name>
		<Location>Bangalore</Location>
		<LabNo>G101</LabNo>
		<facultyId>104</facultyId>
		<startDate>2016-07-16</startDate>
		<endDate>2016-07-22</endDate>
	</course>
</Courses>